id,category,origin,ground_truth,structure_category,defect_type,source_url,source_file,property,expected,actual,classification_correct,diagnostic_match,diagnostic,expected_nodes,actual_nodes,node_count_match,parse_us,generation_median_us,c_compiled,runtime_supported,target_reached,sanitizer_clean,sanitizer_matched,baseline_attempts,baseline_compiled,baseline_target_hits,baseline_sanitizer_hits,case_passed,tool_output
"F01-empty-list","singly-list","internal","safe","singly-list","singly-list","","","",SAFE,SAFE,true,true,"",0,0,true,3704.357,285.120,true,true,true,true,,100,true,100,0,true,"HEAP_MAPPER_TARGET_REACHED"
"F02-one-node","singly-list","internal","safe","singly-list","singly-list","","","",SAFE,SAFE,true,true,"",1,1,true,382.815,299.457,true,true,true,true,,100,true,50,0,true,"HEAP_MAPPER_TARGET_REACHED"
"F03-tail-null","singly-list","internal","safe","singly-list","singly-list","","","",SAFE,SAFE,true,true,"",1,1,true,341.894,292.338,true,true,true,true,,100,true,50,0,true,"HEAP_MAPPER_TARGET_REACHED"
"F04-two-nodes","singly-list","internal","safe","singly-list","singly-list","","","",SAFE,SAFE,true,true,"",2,2,true,364.932,470.397,true,true,true,true,,100,true,13,0,true,"HEAP_MAPPER_TARGET_REACHED"
"F05-three-nodes","singly-list","internal","safe","singly-list","singly-list","","","",SAFE,SAFE,true,true,"",3,3,true,219.083,457.983,true,true,true,true,,100,true,25,0,true,"HEAP_MAPPER_TARGET_REACHED"
"F06-live-deref","memory-safety","internal","safe","memory-safety","memory-safety","","","",SAFE,SAFE,true,true,"",1,1,true,298.429,126.392,true,true,true,true,,100,true,50,0,true,"HEAP_MAPPER_TARGET_REACHED"
"F07-free-null","memory-safety","internal","safe","memory-safety","memory-safety","","","",SAFE,SAFE,true,true,"",0,0,true,353.177,45.156,true,true,true,true,,100,true,100,0,true,"HEAP_MAPPER_TARGET_REACHED"
"F08-free-live","memory-safety","internal","safe","memory-safety","memory-safety","","","",SAFE,SAFE,true,true,"",1,1,true,596.423,91.760,true,true,true,true,,100,true,50,0,true,"HEAP_MAPPER_TARGET_REACHED"
"F09-cycle","cyclic-list","internal","safe","cyclic-list","cyclic-list","","","",SAFE,SAFE,true,true,"",2,2,true,378.366,182.581,true,true,true,true,,100,true,7,0,true,"HEAP_MAPPER_TARGET_REACHED"
"F10-doubly-linked","doubly-linked-list","internal","safe","doubly-linked-list","doubly-linked-list","","","",SAFE,SAFE,true,true,"",2,2,true,392.731,159.003,true,true,true,true,,100,true,14,0,true,"HEAP_MAPPER_TARGET_REACHED"
"F11-binary-tree","binary-tree","internal","safe","binary-tree","binary-tree","","","",SAFE,SAFE,true,true,"",3,3,true,301.401,222.635,true,true,true,true,,100,true,0,0,true,"HEAP_MAPPER_TARGET_REACHED"
"F12-tree-left-child","binary-tree","internal","safe","binary-tree","binary-tree","","","",SAFE,SAFE,true,true,"",2,2,true,271.741,143.107,true,true,true,true,,100,true,5,0,true,"HEAP_MAPPER_TARGET_REACHED"
"F13-alias","aliasing","internal","safe","aliasing","aliasing","","","",SAFE,SAFE,true,true,"",1,1,true,286.905,70.543,true,false,,,,100,,,,true,""
"F14-disequality","aliasing","internal","safe","aliasing","aliasing","","","",SAFE,SAFE,true,true,"",2,2,true,264.178,67.453,true,false,,,,100,,,,true,""
"I01-null-field-read","null-dereference","internal","violation","null-dereference","null-dereference","","","",VIOLATION,VIOLATION,true,true,"dereference of NULL pointer p",,0,true,351.667,33.901,true,true,true,false,true,100,true,100,100,true,"HEAP_MAPPER_TARGET_REACHED reports/all-v1/generated/I01-null-field-read-runtime.c:28:11: runtime error: member access within null pointer of type 'struct Node'"
"I02-explicit-null-deref","null-dereference","internal","violation","null-dereference","null-dereference","","","",VIOLATION,VIOLATION,true,true,"dereference of NULL pointer p",,0,true,187.043,23.248,true,true,true,false,true,100,true,100,100,true,"HEAP_MAPPER_TARGET_REACHED reports/all-v1/generated/I02-explicit-null-deref-runtime.c:28:40: runtime error: member access within null pointer of type 'struct Node'"
"I03-variable-nullability","constraint-conflict","internal","unsat","constraint-conflict","constraint-conflict","","","",UNSAT,UNSAT,true,true,"p is both NULL and non-NULL",,,true,606.222,12.514,,,,,,100,,,,true,""
"I04-field-nullability","constraint-conflict","internal","unsat","constraint-conflict","constraint-conflict","","","",UNSAT,UNSAT,true,true,"x is both NULL and non-NULL",,,true,450.971,30.971,,,,,,100,,,,true,""
"I05-equality-conflict","aliasing","internal","unsat","aliasing","aliasing","","","",UNSAT,UNSAT,true,true,"conflicting pointer equality constraints",,,true,231.937,16.225,,,,,,100,,,,true,""
"I06-inequality-conflict","aliasing","internal","unsat","aliasing","aliasing","","","",UNSAT,UNSAT,true,true,"conflicting pointer inequality constraints",,,true,133.095,17.806,,,,,,100,,,,true,""
"I07-numeric-conflict","constraint-conflict","internal","unsat","constraint-conflict","constraint-conflict","","","",UNSAT,UNSAT,true,true,"conflicting numeric constraint for p.key",,,true,135.255,26.939,,,,,,100,,,,true,""
"I08-explicit-use-after-free","use-after-free","internal","violation","use-after-free","use-after-free","","","",VIOLATION,VIOLATION,true,true,"dereference after free of pointer p",,1,true,131.164,35.852,true,true,true,false,true,100,true,50,50,true,"HEAP_MAPPER_TARGET_REACHED ================================================================= ==179965==ERROR: AddressSanitizer: heap-use-after-free on address 0x502000000010 at pc 0x5a6bdba5e624 bp 0x7ffda3224dd0 sp 0x7ffda3224dc0 READ of size 4 at 0x502000000010 thread T0 #0 0x5a6bdba5e623 in target_function reports/all-v1/generated/I08-explicit-use-after-free-runtime.c:40 #1 0x5a6bdba5e485 in main reports/all-v1/generated/I08-explicit-use-after-free-runtime.c:23 #2 0x7775d2829d8f (/lib/x86_64-linux-gnu/libc.so.6+0x29d8f) #3 0x7775d2829e3f in __libc_start_main (/lib/x86_64-linux-gnu/libc.so.6+0x29e3f) #4 0x5a6bdba5e2a4 in _start (reports/all-v1/generated/I08-explicit-use-after-free-runtime+0x12a4) 0x502000000010 is located 0 bytes inside of 16-byte region [0x502000000010,0x502000000020) freed by thread T0 here: #0 0x7775d34b4537 in __interceptor_free ../../../../src/libsanitizer/asan/asan_malloc_linux.cpp:127 #1 0x5a6bdba5e5c7 in target_function reports/all-v1/generated/I08-explicit-use-after-free-runtime.c:38 #2 0x5a6bdba5e485 in main reports/all-v1/generated/I08-explicit-use-after-free-runtime.c:23 #3 0x7775d2829d8f (/lib/x86_64-linux-gnu/libc.so.6+0x29d8f) previously allocated by thread T0 here: #0 0x7775d34b4887 in __interceptor_malloc ../../../../src/libsanitizer/asan/asan_malloc_linux.cpp:145 #1 0x5a6bdba5e37e in main reports/all-v1/generated/I08-explicit-use-after-free-runtime.c:11 #2 0x7775d2829d8f (/lib/x86_64-linux-gnu/libc.so.6+0x29d8f) SUMMARY: AddressSanitizer: heap-use-after-free reports/all-v1/generated/I08-explicit-use-after-free-runtime.c:40 in target_function Shadow bytes around the buggy address: 0x0a047fff7fb0: 00 00 00 00 00 00 00 00 00 00 00 00 00 00 00 00 0x0a047fff7fc0: 00 00 00 00 00 00 00 00 00 00 00 00 00 00 00 00 0x0a047fff7fd0: 00 00 00 00 00 00 00 00 00 00 00 00 00 00 00 00 0x0a047fff7fe0: 00 00 00 00 00 00 00 00 00 00 00 00 00 00 00 00 0x0a047fff7ff0: 00 00 00 00 00 00 00 00 00 00 00 00 00 00 00 00 =>0x0a047fff8000: fa fa[fd]fd fa fa fa fa fa fa fa fa fa fa fa fa 0x0a047fff8010: fa fa fa fa fa fa fa fa fa fa fa fa fa fa fa fa 0x0a047fff8020: fa fa fa fa fa fa fa fa fa fa fa fa fa fa fa fa 0x0a047fff8030: fa fa fa fa fa fa fa fa fa fa fa fa fa fa fa fa 0x0a047fff8040: fa fa fa fa fa fa fa fa fa fa fa fa fa fa fa fa 0x0a047fff8050: fa fa fa fa fa fa fa fa fa fa fa fa fa fa fa fa Shadow byte legend (one shadow byte represents 8 application bytes): Addressable: 00 Partially addressable: 01 02 03 04 05 06 07 Heap left redzone: fa Freed heap region: fd Stack left redzone: f1 Stack mid redzone: f2 Stack right redzone: f3 Stack after return: f5 Stack use after scope: f8 Global redzone: f9 Global init order: f6 Poisoned by user: f7 Container overflow: fc Array cookie: ac Intra object redzone: bb ASan internal: fe Left alloca redzone: ca Right alloca redzone: cb Shadow gap: cc ==179965==ABORTING"
"I09-numeric-use-after-free","use-after-free","internal","violation","use-after-free","use-after-free","","","",VIOLATION,VIOLATION,true,true,"dereference after free of pointer p",,1,true,207.549,33.692,true,true,true,false,true,100,true,50,50,true,"HEAP_MAPPER_TARGET_REACHED ================================================================= ==180147==ERROR: AddressSanitizer: heap-use-after-free on address 0x502000000010 at pc 0x5cff0d539598 bp 0x7fff140a3ac0 sp 0x7fff140a3ab0 READ of size 4 at 0x502000000010 thread T0 #0 0x5cff0d539597 in target_function reports/all-v1/generated/I09-numeric-use-after-free-runtime.c:40 #1 0x5cff0d539465 in main reports/all-v1/generated/I09-numeric-use-after-free-runtime.c:23 #2 0x7b94b2a29d8f (/lib/x86_64-linux-gnu/libc.so.6+0x29d8f) #3 0x7b94b2a29e3f in __libc_start_main (/lib/x86_64-linux-gnu/libc.so.6+0x29e3f) #4 0x5cff0d539284 in _start (reports/all-v1/generated/I09-numeric-use-after-free-runtime+0x1284) 0x502000000010 is located 0 bytes inside of 16-byte region [0x502000000010,0x502000000020) freed by thread T0 here: #0 0x7b94b36b4537 in __interceptor_free ../../../../src/libsanitizer/asan/asan_malloc_linux.cpp:127 #1 0x5cff0d53953b in target_function reports/all-v1/generated/I09-numeric-use-after-free-runtime.c:38 #2 0x5cff0d539465 in main reports/all-v1/generated/I09-numeric-use-after-free-runtime.c:23 #3 0x7b94b2a29d8f (/lib/x86_64-linux-gnu/libc.so.6+0x29d8f) previously allocated by thread T0 here: #0 0x7b94b36b4887 in __interceptor_malloc ../../../../src/libsanitizer/asan/asan_malloc_linux.cpp:145 #1 0x5cff0d53935e in main reports/all-v1/generated/I09-numeric-use-after-free-runtime.c:11 #2 0x7b94b2a29d8f (/lib/x86_64-linux-gnu/libc.so.6+0x29d8f) SUMMARY: AddressSanitizer: heap-use-after-free reports/all-v1/generated/I09-numeric-use-after-free-runtime.c:40 in target_function Shadow bytes around the buggy address: 0x0a047fff7fb0: 00 00 00 00 00 00 00 00 00 00 00 00 00 00 00 00 0x0a047fff7fc0: 00 00 00 00 00 00 00 00 00 00 00 00 00 00 00 00 0x0a047fff7fd0: 00 00 00 00 00 00 00 00 00 00 00 00 00 00 00 00 0x0a047fff7fe0: 00 00 00 00 00 00 00 00 00 00 00 00 00 00 00 00 0x0a047fff7ff0: 00 00 00 00 00 00 00 00 00 00 00 00 00 00 00 00 =>0x0a047fff8000: fa fa[fd]fd fa fa fa fa fa fa fa fa fa fa fa fa 0x0a047fff8010: fa fa fa fa fa fa fa fa fa fa fa fa fa fa fa fa 0x0a047fff8020: fa fa fa fa fa fa fa fa fa fa fa fa fa fa fa fa 0x0a047fff8030: fa fa fa fa fa fa fa fa fa fa fa fa fa fa fa fa 0x0a047fff8040: fa fa fa fa fa fa fa fa fa fa fa fa fa fa fa fa 0x0a047fff8050: fa fa fa fa fa fa fa fa fa fa fa fa fa fa fa fa Shadow byte legend (one shadow byte represents 8 application bytes): Addressable: 00 Partially addressable: 01 02 03 04 05 06 07 Heap left redzone: fa Freed heap region: fd Stack left redzone: f1 Stack mid redzone: f2 Stack right redzone: f3 Stack after return: f5 Stack use after scope: f8 Global redzone: f9 Global init order: f6 Poisoned by user: f7 Container overflow: fc Array cookie: ac Intra object redzone: bb ASan internal: fe Left alloca redzone: ca Right alloca redzone: cb Shadow gap: cc ==180147==ABORTING"
"I10-double-free","double-free","internal","violation","double-free","double-free","","","",VIOLATION,VIOLATION,true,true,"double free of pointer p",,1,true,249.453,39.363,true,true,true,false,true,100,true,50,50,true,"HEAP_MAPPER_TARGET_REACHED ================================================================= ==180348==ERROR: AddressSanitizer: attempting double-free on 0x502000000010 in thread T0: #0 0x77f605eb4537 in __interceptor_free ../../../../src/libsanitizer/asan/asan_malloc_linux.cpp:127 #1 0x556a6bae552c in target_function reports/all-v1/generated/I10-double-free-runtime.c:40 #2 0x556a6bae5445 in main reports/all-v1/generated/I10-double-free-runtime.c:23 #3 0x77f605229d8f (/lib/x86_64-linux-gnu/libc.so.6+0x29d8f) #4 0x77f605229e3f in __libc_start_main (/lib/x86_64-linux-gnu/libc.so.6+0x29e3f) #5 0x556a6bae5264 in _start (reports/all-v1/generated/I10-double-free-runtime+0x1264) 0x502000000010 is located 0 bytes inside of 16-byte region [0x502000000010,0x502000000020) freed by thread T0 here: #0 0x77f605eb4537 in __interceptor_free ../../../../src/libsanitizer/asan/asan_malloc_linux.cpp:127 #1 0x556a6bae551b in target_function reports/all-v1/generated/I10-double-free-runtime.c:38 #2 0x556a6bae5445 in main reports/all-v1/generated/I10-double-free-runtime.c:23 #3 0x77f605229d8f (/lib/x86_64-linux-gnu/libc.so.6+0x29d8f) previously allocated by thread T0 here: #0 0x77f605eb4887 in __interceptor_malloc ../../../../src/libsanitizer/asan/asan_malloc_linux.cpp:145 #1 0x556a6bae533e in main reports/all-v1/generated/I10-double-free-runtime.c:11 #2 0x77f605229d8f (/lib/x86_64-linux-gnu/libc.so.6+0x29d8f) SUMMARY: AddressSanitizer: double-free ../../../../src/libsanitizer/asan/asan_malloc_linux.cpp:127 in __interceptor_free ==180348==ABORTING"
"I11-pointer-field-conflict","constraint-conflict","internal","unsat","constraint-conflict","constraint-conflict","","","",UNSAT,UNSAT,true,true,"p.next has conflicting pointer values",,,true,249.884,24.428,,,,,,100,,,,true,""
"I12-pointer-use-after-free","use-after-free","internal","violation","use-after-free","use-after-free","","","",VIOLATION,VIOLATION,true,true,"dereference after free of pointer p",,1,true,179.730,37.883,true,true,true,false,true,100,true,50,50,true,"HEAP_MAPPER_TARGET_REACHED ================================================================= ==180530==ERROR: AddressSanitizer: heap-use-after-free on address 0x502000000018 at pc 0x56eba02ae592 bp 0x7ffc6aed0e00 sp 0x7ffc6aed0df0 READ of size 8 at 0x502000000018 thread T0 #0 0x56eba02ae591 in target_function reports/all-v1/generated/I12-pointer-use-after-free-runtime.c:40 #1 0x56eba02ae445 in main reports/all-v1/generated/I12-pointer-use-after-free-runtime.c:23 #2 0x7fb804a29d8f (/lib/x86_64-linux-gnu/libc.so.6+0x29d8f) #3 0x7fb804a29e3f in __libc_start_main (/lib/x86_64-linux-gnu/libc.so.6+0x29e3f) #4 0x56eba02ae264 in _start (reports/all-v1/generated/I12-pointer-use-after-free-runtime+0x1264) 0x502000000018 is located 8 bytes inside of 16-byte region [0x502000000010,0x502000000020) freed by thread T0 here: #0 0x7fb8056b4537 in __interceptor_free ../../../../src/libsanitizer/asan/asan_malloc_linux.cpp:127 #1 0x56eba02ae51b in target_function reports/all-v1/generated/I12-pointer-use-after-free-runtime.c:38 #2 0x56eba02ae445 in main reports/all-v1/generated/I12-pointer-use-after-free-runtime.c:23 #3 0x7fb804a29d8f (/lib/x86_64-linux-gnu/libc.so.6+0x29d8f) previously allocated by thread T0 here: #0 0x7fb8056b4887 in __interceptor_malloc ../../../../src/libsanitizer/asan/asan_malloc_linux.cpp:145 #1 0x56eba02ae33e in main reports/all-v1/generated/I12-pointer-use-after-free-runtime.c:11 #2 0x7fb804a29d8f (/lib/x86_64-linux-gnu/libc.so.6+0x29d8f) SUMMARY: AddressSanitizer: heap-use-after-free reports/all-v1/generated/I12-pointer-use-after-free-runtime.c:40 in target_function Shadow bytes around the buggy address: 0x0a047fff7fb0: 00 00 00 00 00 00 00 00 00 00 00 00 00 00 00 00 0x0a047fff7fc0: 00 00 00 00 00 00 00 00 00 00 00 00 00 00 00 00 0x0a047fff7fd0: 00 00 00 00 00 00 00 00 00 00 00 00 00 00 00 00 0x0a047fff7fe0: 00 00 00 00 00 00 00 00 00 00 00 00 00 00 00 00 0x0a047fff7ff0: 00 00 00 00 00 00 00 00 00 00 00 00 00 00 00 00 =>0x0a047fff8000: fa fa fd[fd]fa fa fa fa fa fa fa fa fa fa fa fa 0x0a047fff8010: fa fa fa fa fa fa fa fa fa fa fa fa fa fa fa fa 0x0a047fff8020: fa fa fa fa fa fa fa fa fa fa fa fa fa fa fa fa 0x0a047fff8030: fa fa fa fa fa fa fa fa fa fa fa fa fa fa fa fa 0x0a047fff8040: fa fa fa fa fa fa fa fa fa fa fa fa fa fa fa fa 0x0a047fff8050: fa fa fa fa fa fa fa fa fa fa fa fa fa fa fa fa Shadow byte legend (one shadow byte represents 8 application bytes): Addressable: 00 Partially addressable: 01 02 03 04 05 06 07 Heap left redzone: fa Freed heap region: fd Stack left redzone: f1 Stack mid redzone: f2 Stack right redzone: f3 Stack after return: f5 Stack use after scope: f8 Global redzone: f9 Global init order: f6 Poisoned by user: f7 Container overflow: fc Array cookie: ac Intra object redzone: bb ASan internal: fe Left alloca redzone: ca Right alloca redzone: cb Shadow gap: cc ==180530==ABORTING"
"I13-alias-use-after-free","use-after-free","internal","violation","use-after-free","use-after-free","","","",VIOLATION,VIOLATION,true,true,"dereference after free of pointer p",,1,true,267.849,39.803,true,false,,,,100,,,,true,""
"I14-self-inequality","aliasing","internal","unsat","aliasing","aliasing","","","",UNSAT,UNSAT,true,true,"conflicting pointer inequality constraints",,,true,203.388,4.632,,,,,,100,,,,true,""
"C01-singly-list-8","composite-singly-list","internal","safe","composite-singly-list","composite-singly-list","","","",SAFE,SAFE,true,true,"",8,8,true,204.639,232.877,true,true,true,true,,100,true,0,0,true,"HEAP_MAPPER_TARGET_REACHED"
"C02-singly-alias-7","composite-singly-list","internal","safe","composite-singly-list","composite-singly-list","","","",SAFE,SAFE,true,true,"",7,7,true,507.309,243.361,true,true,true,true,,100,true,0,0,true,"HEAP_MAPPER_TARGET_REACHED"
"C03-doubly-list-6","composite-doubly-list","internal","safe","composite-doubly-list","composite-doubly-list","","","",SAFE,SAFE,true,true,"",6,6,true,710.797,244.932,true,true,true,true,,100,true,0,0,true,"HEAP_MAPPER_TARGET_REACHED"
"C04-doubly-reverse-8","composite-doubly-list","internal","safe","composite-doubly-list","composite-doubly-list","","","",SAFE,SAFE,true,true,"",8,8,true,554.917,333.344,true,true,true,true,,100,true,0,0,true,"HEAP_MAPPER_TARGET_REACHED"
"C05-cycle-6","composite-cycle","internal","safe","composite-cycle","composite-cycle","","","",SAFE,SAFE,true,true,"",6,6,true,353.628,194.225,true,true,true,true,,100,true,0,0,true,"HEAP_MAPPER_TARGET_REACHED"
"C06-lollipop-cycle-7","composite-cycle","internal","safe","composite-cycle","composite-cycle","","","",SAFE,SAFE,true,true,"",7,7,true,320.076,226.925,true,true,true,true,,100,true,0,0,true,"HEAP_MAPPER_TARGET_REACHED"
"C07-full-tree-7","composite-tree","internal","safe","composite-tree","composite-tree","","","",SAFE,SAFE,true,true,"",7,7,true,339.393,200.287,true,true,true,true,,100,true,0,0,true,"HEAP_MAPPER_TARGET_REACHED"
"C08-full-tree-15","composite-tree","internal","safe","composite-tree","composite-tree","","","",SAFE,SAFE,true,true,"",15,15,true,310.143,350.717,true,true,true,true,,100,true,0,0,true,"HEAP_MAPPER_TARGET_REACHED"
"C09-shared-subtree-dag-8","composite-tree-aliasing","internal","safe","composite-tree-aliasing","composite-tree-aliasing","","","",SAFE,SAFE,true,true,"",8,8,true,409.994,245.142,true,true,true,true,,100,true,1,0,true,"HEAP_MAPPER_TARGET_REACHED"
"C10-sparse-zigzag-tree-9","composite-tree","internal","safe","composite-tree","composite-tree","","","",SAFE,SAFE,true,true,"",9,9,true,391.161,181.921,true,true,true,true,,100,true,0,0,true,"HEAP_MAPPER_TARGET_REACHED"
"C11-free-tree-leaf-7","composite-memory-safety","internal","safe","composite-memory-safety","composite-memory-safety","","","",SAFE,SAFE,true,true,"",7,7,true,246.222,66.723,true,true,true,true,,100,true,0,0,true,"HEAP_MAPPER_TARGET_REACHED"
"C12-cyclic-tree-graph-9","composite-graph","internal","safe","composite-graph","composite-graph","","","",SAFE,SAFE,true,true,"",9,9,true,285.255,99.913,true,true,true,true,,100,true,0,0,true,"HEAP_MAPPER_TARGET_REACHED"
"I01-deep-null-deref","composite-null-dereference","internal","violation","composite-null-dereference","composite-null-dereference","","","",VIOLATION,VIOLATION,true,true,"dereference of NULL pointer missing",,7,true,309.183,58.459,true,true,true,false,true,100,true,0,0,true,"HEAP_MAPPER_TARGET_REACHED reports/all-v1/generated/I01-deep-null-deref-runtime.c:93:46: runtime error: member access within null pointer of type 'struct Node'"
"I02-deep-numeric-conflict","composite-constraint-conflict","internal","unsat","composite-constraint-conflict","composite-constraint-conflict","","","",UNSAT,UNSAT,true,true,"conflicting numeric constraint for n8.key",,,true,230.307,32.791,,,,,,100,,,,true,""
"I03-deep-pointer-conflict","composite-constraint-conflict","internal","unsat","composite-constraint-conflict","composite-constraint-conflict","","","",UNSAT,UNSAT,true,true,"n7.next has conflicting pointer values",,,true,177.619,24.848,,,,,,100,,,,true,""
"I04-cycle-tail-conflict","composite-cycle","internal","unsat","composite-cycle","composite-cycle","","","",UNSAT,UNSAT,true,true,"n6.next has conflicting pointer values",,,true,97.872,32.431,,,,,,100,,,,true,""
"I05-deep-double-free-alias","composite-double-free","internal","violation","composite-double-free","composite-double-free","","","",VIOLATION,VIOLATION,true,true,"double free of pointer n4",,6,true,146.368,42.484,true,true,true,false,true,100,true,0,0,true,"HEAP_MAPPER_TARGET_REACHED ================================================================= ==183938==ERROR: AddressSanitizer: attempting double-free on 0x502000000070 in thread T0: #0 0x7a43450b4537 in __interceptor_free ../../../../src/libsanitizer/asan/asan_malloc_linux.cpp:127 #1 0x59a3be346ebe in target_function reports/all-v1/generated/I05-deep-double-free-alias-runtime.c:85 #2 0x59a3be346956 in main reports/all-v1/generated/I05-deep-double-free-alias-runtime.c:53 #3 0x7a4344429d8f (/lib/x86_64-linux-gnu/libc.so.6+0x29d8f) #4 0x7a4344429e3f in __libc_start_main (/lib/x86_64-linux-gnu/libc.so.6+0x29e3f) #5 0x59a3be346284 in _start (reports/all-v1/generated/I05-deep-double-free-alias-runtime+0x2284) 0x502000000070 is located 0 bytes inside of 16-byte region [0x502000000070,0x502000000080) freed by thread T0 here: #0 0x7a43450b4537 in __interceptor_free ../../../../src/libsanitizer/asan/asan_malloc_linux.cpp:127 #1 0x59a3be346ead in target_function reports/all-v1/generated/I05-deep-double-free-alias-runtime.c:83 #2 0x59a3be346956 in main reports/all-v1/generated/I05-deep-double-free-alias-runtime.c:53 #3 0x7a4344429d8f (/lib/x86_64-linux-gnu/libc.so.6+0x29d8f) previously allocated by thread T0 here: #0 0x7a43450b4887 in __interceptor_malloc ../../../../src/libsanitizer/asan/asan_malloc_linux.cpp:145 #1 0x59a3be346388 in main reports/all-v1/generated/I05-deep-double-free-alias-runtime.c:14 #2 0x7a4344429d8f (/lib/x86_64-linux-gnu/libc.so.6+0x29d8f) SUMMARY: AddressSanitizer: double-free ../../../../src/libsanitizer/asan/asan_malloc_linux.cpp:127 in __interceptor_free ==183938==ABORTING"
"I06-deep-use-after-free-alias","composite-use-after-free","internal","violation","composite-use-after-free","composite-use-after-free","","","",VIOLATION,VIOLATION,true,true,"dereference after free of pointer n5",,7,true,203.008,48.086,true,true,true,false,true,100,true,0,0,true,"HEAP_MAPPER_TARGET_REACHED ================================================================= ==184157==ERROR: AddressSanitizer: heap-use-after-free on address 0x502000000090 at pc 0x5ccfa1497182 bp 0x7ffc451d37d0 sp 0x7ffc451d37c0 READ of size 4 at 0x502000000090 thread T0 #0 0x5ccfa1497181 in target_function reports/all-v1/generated/I06-deep-use-after-free-alias-runtime.c:93 #1 0x5ccfa1496a73 in main reports/all-v1/generated/I06-deep-use-after-free-alias-runtime.c:59 #2 0x759ff0e29d8f (/lib/x86_64-linux-gnu/libc.so.6+0x29d8f) #3 0x759ff0e29e3f in __libc_start_main (/lib/x86_64-linux-gnu/libc.so.6+0x29e3f) #4 0x5ccfa14962a4 in _start (reports/all-v1/generated/I06-deep-use-after-free-alias-runtime+0x22a4) 0x502000000090 is located 0 bytes inside of 16-byte region [0x502000000090,0x5020000000a0) freed by thread T0 here: #0 0x759ff1ab4537 in __interceptor_free ../../../../src/libsanitizer/asan/asan_malloc_linux.cpp:127 #1 0x5ccfa1497125 in target_function reports/all-v1/generated/I06-deep-use-after-free-alias-runtime.c:91 #2 0x5ccfa1496a73 in main reports/all-v1/generated/I06-deep-use-after-free-alias-runtime.c:59 #3 0x759ff0e29d8f (/lib/x86_64-linux-gnu/libc.so.6+0x29d8f) previously allocated by thread T0 here: #0 0x759ff1ab4887 in __interceptor_malloc ../../../../src/libsanitizer/asan/asan_malloc_linux.cpp:145 #1 0x5ccfa14963b6 in main reports/all-v1/generated/I06-deep-use-after-free-alias-runtime.c:15 #2 0x759ff0e29d8f (/lib/x86_64-linux-gnu/libc.so.6+0x29d8f) SUMMARY: AddressSanitizer: heap-use-after-free reports/all-v1/generated/I06-deep-use-after-free-alias-runtime.c:93 in target_function Shadow bytes around the buggy address: 0x0a047fff7fc0: 00 00 00 00 00 00 00 00 00 00 00 00 00 00 00 00 0x0a047fff7fd0: 00 00 00 00 00 00 00 00 00 00 00 00 00 00 00 00 0x0a047fff7fe0: 00 00 00 00 00 00 00 00 00 00 00 00 00 00 00 00 0x0a047fff7ff0: 00 00 00 00 00 00 00 00 00 00 00 00 00 00 00 00 0x0a047fff8000: fa fa 00 00 fa fa 00 00 fa fa 00 00 fa fa 00 00 =>0x0a047fff8010: fa fa[fd]fd fa fa 00 00 fa fa 00 00 fa fa fa fa 0x0a047fff8020: fa fa fa fa fa fa fa fa fa fa fa fa fa fa fa fa 0x0a047fff8030: fa fa fa fa fa fa fa fa fa fa fa fa fa fa fa fa 0x0a047fff8040: fa fa fa fa fa fa fa fa fa fa fa fa fa fa fa fa 0x0a047fff8050: fa fa fa fa fa fa fa fa fa fa fa fa fa fa fa fa 0x0a047fff8060: fa fa fa fa fa fa fa fa fa fa fa fa fa fa fa fa Shadow byte legend (one shadow byte represents 8 application bytes): Addressable: 00 Partially addressable: 01 02 03 04 05 06 07 Heap left redzone: fa Freed heap region: fd Stack left redzone: f1 Stack mid redzone: f2 Stack right redzone: f3 Stack after return: f5 Stack use after scope: f8 Global redzone: f9 Global init order: f6 Poisoned by user: f7 Container overflow: fc Array cookie: ac Intra object redzone: bb ASan internal: fe Left alloca redzone: ca Right alloca redzone: cb Shadow gap: cc ==184157==ABORTING"
"I07-doubly-backlink-conflict","composite-doubly-list","internal","unsat","composite-doubly-list","composite-doubly-list","","","",UNSAT,UNSAT,true,true,"n5.prev has conflicting pointer values",,,true,320.097,32.341,,,,,,100,,,,true,""
"I08-doubly-use-after-free","composite-use-after-free","internal","violation","composite-use-after-free","composite-use-after-free","","","",VIOLATION,VIOLATION,true,true,"dereference after free of pointer back",,5,true,141.067,51.787,true,true,true,false,true,100,true,0,0,true,"HEAP_MAPPER_TARGET_REACHED ================================================================= ==184349==ERROR: AddressSanitizer: heap-use-after-free on address 0x5030000000d0 at pc 0x5f5b483002f5 bp 0x7ffc3aa3ffb0 sp 0x7ffc3aa3ffa0 READ of size 4 at 0x5030000000d0 thread T0 #0 0x5f5b483002f4 in reject_freed_backlink reports/all-v1/generated/I08-doubly-use-after-free-runtime.c:87 #1 0x5f5b482ffaea in main reports/all-v1/generated/I08-doubly-use-after-free-runtime.c:53 #2 0x70183a029d8f (/lib/x86_64-linux-gnu/libc.so.6+0x29d8f) #3 0x70183a029e3f in __libc_start_main (/lib/x86_64-linux-gnu/libc.so.6+0x29e3f) #4 0x5f5b482ff2a4 in _start (reports/all-v1/generated/I08-doubly-use-after-free-runtime+0x32a4) 0x5030000000d0 is located 0 bytes inside of 24-byte region [0x5030000000d0,0x5030000000e8) freed by thread T0 here: #0 0x70183acb4537 in __interceptor_free ../../../../src/libsanitizer/asan/asan_malloc_linux.cpp:127 #1 0x5f5b4830021b in reject_freed_backlink reports/all-v1/generated/I08-doubly-use-after-free-runtime.c:84 #2 0x5f5b482ffaea in main reports/all-v1/generated/I08-doubly-use-after-free-runtime.c:53 #3 0x70183a029d8f (/lib/x86_64-linux-gnu/libc.so.6+0x29d8f) previously allocated by thread T0 here: #0 0x70183acb4887 in __interceptor_malloc ../../../../src/libsanitizer/asan/asan_malloc_linux.cpp:145 #1 0x5f5b482ff3a8 in main reports/all-v1/generated/I08-doubly-use-after-free-runtime.c:15 #2 0x70183a029d8f (/lib/x86_64-linux-gnu/libc.so.6+0x29d8f) SUMMARY: AddressSanitizer: heap-use-after-free reports/all-v1/generated/I08-doubly-use-after-free-runtime.c:87 in reject_freed_backlink Shadow bytes around the buggy address: 0x0a067fff7fc0: 00 00 00 00 00 00 00 00 00 00 00 00 00 00 00 00 0x0a067fff7fd0: 00 00 00 00 00 00 00 00 00 00 00 00 00 00 00 00 0x0a067fff7fe0: 00 00 00 00 00 00 00 00 00 00 00 00 00 00 00 00 0x0a067fff7ff0: 00 00 00 00 00 00 00 00 00 00 00 00 00 00 00 00 0x0a067fff8000: fa fa 00 00 00 fa fa fa 00 00 00 fa fa fa 00 00 =>0x0a067fff8010: 00 fa fa fa 00 00 00 fa fa fa[fd]fd fd fa fa fa 0x0a067fff8020: 00 00 00 fa fa fa fa fa fa fa fa fa fa fa fa fa 0x0a067fff8030: fa fa fa fa fa fa fa fa fa fa fa fa fa fa fa fa 0x0a067fff8040: fa fa fa fa fa fa fa fa fa fa fa fa fa fa fa fa 0x0a067fff8050: fa fa fa fa fa fa fa fa fa fa fa fa fa fa fa fa 0x0a067fff8060: fa fa fa fa fa fa fa fa fa fa fa fa fa fa fa fa Shadow byte legend (one shadow byte represents 8 application bytes): Addressable: 00 Partially addressable: 01 02 03 04 05 06 07 Heap left redzone: fa Freed heap region: fd Stack left redzone: f1 Stack mid redzone: f2 Stack right redzone: f3 Stack after return: f5 Stack use after scope: f8 Global redzone: f9 Global init order: f6 Poisoned by user: f7 Container overflow: fc Array cookie: ac Intra object redzone: bb ASan internal: fe Left alloca redzone: ca Right alloca redzone: cb Shadow gap: cc ==184349==ABORTING"
"I09-tree-deep-value-conflict","composite-tree","internal","unsat","composite-tree","composite-tree","","","",UNSAT,UNSAT,true,true,"conflicting numeric constraint for rr.value",,,true,801.617,70.364,,,,,,100,,,,true,""
"I10-tree-alias-inequality","composite-tree-aliasing","internal","unsat","composite-tree-aliasing","composite-tree-aliasing","","","",UNSAT,UNSAT,true,true,"conflicting pointer inequality constraints",,,true,247.302,40.304,,,,,,100,,,,true,""
"I11-tree-child-conflict","composite-tree","internal","unsat","composite-tree","composite-tree","","","",UNSAT,UNSAT,true,true,"rr.left has conflicting pointer values",,,true,239.280,63.151,,,,,,100,,,,true,""
"I12-shared-subtree-use-after-free","composite-tree-aliasing","internal","violation","composite-tree-aliasing","composite-tree-aliasing","","","",VIOLATION,VIOLATION,true,true,"dereference after free of pointer via_right",,8,true,182.701,114.028,true,true,true,false,true,100,true,0,0,true,"HEAP_MAPPER_TARGET_REACHED ================================================================= ==184632==ERROR: AddressSanitizer: heap-use-after-free on address 0x5030000000d0 at pc 0x5e94318d3835 bp 0x7ffd3d83b990 sp 0x7ffd3d83b980 READ of size 4 at 0x5030000000d0 thread T0 #0 0x5e94318d3834 in reject_freed_shared_subtree reports/all-v1/generated/I12-shared-subtree-use-after-free-runtime.c:111 #1 0x5e94318d2f58 in main reports/all-v1/generated/I12-shared-subtree-use-after-free-runtime.c:74 #2 0x75b3c0429d8f (/lib/x86_64-linux-gnu/libc.so.6+0x29d8f) #3 0x75b3c0429e3f in __libc_start_main (/lib/x86_64-linux-gnu/libc.so.6+0x29e3f) #4 0x5e94318d22a4 in _start (reports/all-v1/generated/I12-shared-subtree-use-after-free-runtime+0x32a4) 0x5030000000d0 is located 0 bytes inside of 24-byte region [0x5030000000d0,0x5030000000e8) freed by thread T0 here: #0 0x75b3c10b4537 in __interceptor_free ../../../../src/libsanitizer/asan/asan_malloc_linux.cpp:127 #1 0x5e94318d3749 in reject_freed_shared_subtree reports/all-v1/generated/I12-shared-subtree-use-after-free-runtime.c:108 #2 0x5e94318d2f58 in main reports/all-v1/generated/I12-shared-subtree-use-after-free-runtime.c:74 #3 0x75b3c0429d8f (/lib/x86_64-linux-gnu/libc.so.6+0x29d8f) previously allocated by thread T0 here: #0 0x75b3c10b4887 in __interceptor_malloc ../../../../src/libsanitizer/asan/asan_malloc_linux.cpp:145 #1 0x5e94318d23a8 in main reports/all-v1/generated/I12-shared-subtree-use-after-free-runtime.c:15 #2 0x75b3c0429d8f (/lib/x86_64-linux-gnu/libc.so.6+0x29d8f) SUMMARY: AddressSanitizer: heap-use-after-free reports/all-v1/generated/I12-shared-subtree-use-after-free-runtime.c:111 in reject_freed_shared_subtree Shadow bytes around the buggy address: 0x0a067fff7fc0: 00 00 00 00 00 00 00 00 00 00 00 00 00 00 00 00 0x0a067fff7fd0: 00 00 00 00 00 00 00 00 00 00 00 00 00 00 00 00 0x0a067fff7fe0: 00 00 00 00 00 00 00 00 00 00 00 00 00 00 00 00 0x0a067fff7ff0: 00 00 00 00 00 00 00 00 00 00 00 00 00 00 00 00 0x0a067fff8000: fa fa 00 00 00 fa fa fa 00 00 00 fa fa fa 00 00 =>0x0a067fff8010: 00 fa fa fa 00 00 00 fa fa fa[fd]fd fd fa fa fa 0x0a067fff8020: 00 00 00 fa fa fa 00 00 00 fa fa fa 00 00 00 fa 0x0a067fff8030: fa fa 00 00 00 fa fa fa fa fa fa fa fa fa fa fa 0x0a067fff8040: fa fa fa fa fa fa fa fa fa fa fa fa fa fa fa fa 0x0a067fff8050: fa fa fa fa fa fa fa fa fa fa fa fa fa fa fa fa 0x0a067fff8060: fa fa fa fa fa fa fa fa fa fa fa fa fa fa fa fa Shadow byte legend (one shadow byte represents 8 application bytes): Addressable: 00 Partially addressable: 01 02 03 04 05 06 07 Heap left redzone: fa Freed heap region: fd Stack left redzone: f1 Stack mid redzone: f2 Stack right redzone: f3 Stack after return: f5 Stack use after scope: f8 Global redzone: f9 Global init order: f6 Poisoned by user: f7 Container overflow: fc Array cookie: ac Intra object redzone: bb ASan internal: fe Left alloca redzone: ca Right alloca redzone: cb Shadow gap: cc ==184632==ABORTING"
"S01-singly-list-50","scale-singly-list","internal","safe","scale-singly-list","scale-singly-list","","","",SAFE,SAFE,true,true,"",50,50,true,407.166,479.849,true,true,true,true,,100,true,0,0,true,"HEAP_MAPPER_TARGET_REACHED"
"S02-binary-tree-50","scale-binary-tree","internal","safe","scale-binary-tree","scale-binary-tree","","","",SAFE,SAFE,true,true,"",50,50,true,422.631,375.626,true,true,true,true,,100,true,0,0,true,"HEAP_MAPPER_TARGET_REACHED"
"E01-sv-sll2n-append-equal","sv-comp-list-simple","SV-Benchmarks","good","singly-list","none","https://gitlab.com/sosy-lab/benchmarking/sv-benchmarks","c/list-simple/sll2n_append_equal.c","unreach-call=true; valid-memsafety=true",SAFE,SAFE,true,true,"",3,3,true,260.857,50.027,true,true,true,true,,100,true,0,0,true,"HEAP_MAPPER_TARGET_REACHED"
"E02-sv-sll2n-append-unequal","sv-comp-list-simple","SV-Benchmarks","good","singly-list","none","https://gitlab.com/sosy-lab/benchmarking/sv-benchmarks","c/list-simple/sll2n_append_unequal.c","unreach-call=true; valid-memsafety=true",SAFE,SAFE,true,true,"",3,3,true,227.956,36.332,true,true,true,true,,100,true,0,0,true,"HEAP_MAPPER_TARGET_REACHED"
"E03-sv-sll2n-insert-equal","sv-comp-list-simple","SV-Benchmarks","good","singly-list","none","https://gitlab.com/sosy-lab/benchmarking/sv-benchmarks","c/list-simple/sll2n_insert_equal.c","unreach-call=true; valid-memsafety=true",SAFE,SAFE,true,true,"",3,3,true,319.286,32.991,true,true,true,true,,100,true,0,0,true,"HEAP_MAPPER_TARGET_REACHED"
"E04-sv-sll2n-insert-unequal","sv-comp-list-simple","SV-Benchmarks","good","singly-list","none","https://gitlab.com/sosy-lab/benchmarking/sv-benchmarks","c/list-simple/sll2n_insert_unequal.c","unreach-call=true; valid-memsafety=true",SAFE,SAFE,true,true,"",3,3,true,216.442,18.976,true,true,true,true,,100,true,0,0,true,"HEAP_MAPPER_TARGET_REACHED"
"E05-sv-sll2n-remove-all","sv-comp-list-simple","SV-Benchmarks","good","singly-list","none","https://gitlab.com/sosy-lab/benchmarking/sv-benchmarks","c/list-simple/sll2n_remove_all.c","valid-memsafety=true",UNSUPPORTED,UNSUPPORTED,true,true,"requires modelling pointer-to-pointer root updates across a loop",,,true,0.000,0.000,,false,,,,,,,,true,""
"E06-sv-sll2n-update-all","sv-comp-list-simple","SV-Benchmarks","good","singly-list","none","https://gitlab.com/sosy-lab/benchmarking/sv-benchmarks","c/list-simple/sll2n_update_all.c","valid-memsafety=true",UNSUPPORTED,UNSUPPORTED,true,true,"requires automatic loop unrolling and scalar loop-variable constraints",,,true,0.000,0.000,,false,,,,,,,,true,""
"E07-sv-sll2c-append-equal","sv-comp-list-simple","SV-Benchmarks","good","cycle","none","https://gitlab.com/sosy-lab/benchmarking/sv-benchmarks","c/list-simple/sll2c_append_equal.c","unreach-call=true; valid-memsafety=true",SAFE,SAFE,true,true,"",3,3,true,291.377,25.948,true,true,true,true,,100,true,0,0,true,"HEAP_MAPPER_TARGET_REACHED"
"E08-sv-sll2c-append-unequal","sv-comp-list-simple","SV-Benchmarks","good","cycle","none","https://gitlab.com/sosy-lab/benchmarking/sv-benchmarks","c/list-simple/sll2c_append_unequal.c","unreach-call=true; valid-memsafety=true",UNSUPPORTED,UNSUPPORTED,true,true,"no automatic extractor for the loop and pointer-to-pointer append path",,,true,0.000,0.000,,false,,,,,,,,true,""
"E09-sv-sll2c-remove-all","sv-comp-list-simple","SV-Benchmarks","good","cycle","none","https://gitlab.com/sosy-lab/benchmarking/sv-benchmarks","c/list-simple/sll2c_remove_all.c","valid-memsafety=true",UNSUPPORTED,UNSUPPORTED,true,true,"requires cyclic traversal, repeated free and pointer-to-pointer root updates",,,true,0.000,0.000,,false,,,,,,,,true,""
"E10-sv-sll2c-update-all","sv-comp-list-simple","SV-Benchmarks","good","cycle","none","https://gitlab.com/sosy-lab/benchmarking/sv-benchmarks","c/list-simple/sll2c_update_all.c","unreach-call=true; valid-memsafety=true",SAFE,SAFE,true,true,"",2,2,true,428.103,14.655,true,true,true,true,,100,true,1,0,true,"HEAP_MAPPER_TARGET_REACHED"
"E11-sv-dll2n-append-equal","sv-comp-list-simple","SV-Benchmarks","good","doubly-list","none","https://gitlab.com/sosy-lab/benchmarking/sv-benchmarks","c/list-simple/dll2n_append_equal.c","unreach-call=true; valid-memsafety=true",SAFE,SAFE,true,true,"",3,3,true,226.905,65.201,true,true,true,true,,100,true,0,0,true,"HEAP_MAPPER_TARGET_REACHED"
"E12-sv-dll2n-append-unequal","sv-comp-list-simple","SV-Benchmarks","good","doubly-list","none","https://gitlab.com/sosy-lab/benchmarking/sv-benchmarks","c/list-simple/dll2n_append_unequal.c","unreach-call=true; valid-memsafety=true",UNSUPPORTED,UNSUPPORTED,true,true,"no automatic extractor for pointer-to-pointer append and traversal loops",,,true,0.000,0.000,,false,,,,,,,,true,""
"E13-sv-dll2n-remove-all-reverse","sv-comp-list-simple","SV-Benchmarks","good","doubly-list","none","https://gitlab.com/sosy-lab/benchmarking/sv-benchmarks","c/list-simple/dll2n_remove_all_reverse.c","valid-memsafety=true",UNSUPPORTED,UNSUPPORTED,true,true,"requires nested traversal loops and repeated deallocation with root mutation",,,true,0.000,0.000,,false,,,,,,,,true,""
"E14-sv-dll2c-append-equal","sv-comp-list-simple","SV-Benchmarks","good","cycle","none","https://gitlab.com/sosy-lab/benchmarking/sv-benchmarks","c/list-simple/dll2c_append_equal.c","unreach-call=true; valid-memsafety=true",SAFE,SAFE,true,true,"",3,3,true,347.056,45.155,true,true,true,true,,100,true,0,0,true,"HEAP_MAPPER_TARGET_REACHED"
"E15-sv-dll2c-append-unequal","sv-comp-list-simple","SV-Benchmarks","good","cycle","none","https://gitlab.com/sosy-lab/benchmarking/sv-benchmarks","c/list-simple/dll2c_append_unequal.c","unreach-call=true; valid-memsafety=true",UNSUPPORTED,UNSUPPORTED,true,true,"no automatic extractor for cyclic pointer-to-pointer append",,,true,0.000,0.000,,false,,,,,,,,true,""
"E16-sv-dll2c-remove-all-reverse","sv-comp-list-simple","SV-Benchmarks","good","cycle","none","https://gitlab.com/sosy-lab/benchmarking/sv-benchmarks","c/list-simple/dll2c_remove_all_reverse.c","valid-memsafety=true",UNSUPPORTED,UNSUPPORTED,true,true,"requires cyclic reverse traversal, repeated free and root mutation",,,true,0.000,0.000,,false,,,,,,,,true,""
"E17-sv-tree-1","sv-comp-heap-manipulation","SV-Benchmarks","buggy","tree","null-dereference","https://gitlab.com/sosy-lab/benchmarking/sv-benchmarks","c/heap-manipulation/tree-1.c","valid-deref=false",VIOLATION,VIOLATION,true,true,"dereference of NULL pointer node",0,0,true,440.448,8.163,true,true,true,false,true,100,true,100,100,true,"HEAP_MAPPER_TARGET_REACHED reports/all-v1/generated/E17-sv-tree-1-runtime.c:30:18: runtime error: member access within null pointer of type 'struct TreeNode'"
"E18-sv-tree-2","sv-comp-heap-manipulation","SV-Benchmarks","buggy","tree","null-dereference","https://gitlab.com/sosy-lab/benchmarking/sv-benchmarks","c/heap-manipulation/tree-2.c","unreach-call=false; valid-deref=false",UNSUPPORTED,UNSUPPORTED,true,true,"warning path depends on nondeterministic tree construction and interprocedural loops",,,true,0.000,0.000,,false,,,,,,,,true,""
"E19-sv-tree-3","sv-comp-heap-manipulation","SV-Benchmarks","good","tree","none","https://gitlab.com/sosy-lab/benchmarking/sv-benchmarks","c/heap-manipulation/tree-3.c","unreach-call=true",SAFE,SAFE,true,true,"",2,2,true,240.841,19.836,true,true,true,true,,100,true,0,0,true,"HEAP_MAPPER_TARGET_REACHED"
"E20-sv-tree-4","sv-comp-heap-manipulation","SV-Benchmarks","buggy","tree","memory-leak","https://gitlab.com/sosy-lab/benchmarking/sv-benchmarks","c/heap-manipulation/tree-4.c","unreach-call=false; valid-memcleanup=false",UNSUPPORTED,UNSUPPORTED,true,true,"memory-leak and memcleanup properties are outside the current path model",,,true,0.000,0.000,,false,,,,,,,,true,""
"E21-sv-sll-to-dll-1","sv-comp-heap-manipulation","SV-Benchmarks","buggy","doubly-list","memory-leak","https://gitlab.com/sosy-lab/benchmarking/sv-benchmarks","c/heap-manipulation/sll_to_dll_rev-1.c","unreach-call=false; valid-memcleanup=false",UNSUPPORTED,UNSUPPORTED,true,true,"memcleanup property and whole-program conversion loops are unsupported",,,true,0.000,0.000,,false,,,,,,,,true,""
"E22-sv-sll-to-dll-2","sv-comp-heap-manipulation","SV-Benchmarks","good","doubly-list","none","https://gitlab.com/sosy-lab/benchmarking/sv-benchmarks","c/heap-manipulation/sll_to_dll_rev-2.c","unreach-call=true; valid-memsafety=true",UNSUPPORTED,UNSUPPORTED,true,true,"requires automatic interprocedural path extraction and loop unrolling",,,true,0.000,0.000,,false,,,,,,,,true,""
"E23-sv-dll-of-dll-1","sv-comp-heap-manipulation","SV-Benchmarks","good","nested-list","none","https://gitlab.com/sosy-lab/benchmarking/sv-benchmarks","c/heap-manipulation/dll_of_dll-1.c","unreach-call=true; valid-memsafety=true",UNSUPPORTED,UNSUPPORTED,true,true,"uses heterogeneous nested recursive structures; the model supports one structure type",,,true,0.000,0.000,,false,,,,,,,,true,""
"E24-sv-dll-of-dll-2","sv-comp-heap-manipulation","SV-Benchmarks","buggy","nested-list","memory-leak","https://gitlab.com/sosy-lab/benchmarking/sv-benchmarks","c/heap-manipulation/dll_of_dll-2.c","unreach-call=false; valid-memcleanup=false",UNSUPPORTED,UNSUPPORTED,true,true,"heterogeneous nested structures and memcleanup are unsupported",,,true,0.000,0.000,,false,,,,,,,,true,""
"E25-sv-merge-sort-1","sv-comp-heap-manipulation","SV-Benchmarks","buggy","singly-list","memory-leak","https://gitlab.com/sosy-lab/benchmarking/sv-benchmarks","c/heap-manipulation/merge_sort-1.c","unreach-call=false; valid-memcleanup=false",UNSUPPORTED,UNSUPPORTED,true,true,"recursive sorting and memcleanup properties are outside the current model",,,true,0.000,0.000,,false,,,,,,,,true,""
"E26-sv-merge-sort-2","sv-comp-heap-manipulation","SV-Benchmarks","good","singly-list","none","https://gitlab.com/sosy-lab/benchmarking/sv-benchmarks","c/heap-manipulation/merge_sort-2.c","unreach-call=true; valid-memsafety=true",UNSUPPORTED,UNSUPPORTED,true,true,"recursive interprocedural control flow is not converted to the DSL automatically",,,true,0.000,0.000,,false,,,,,,,,true,""
"E27-sv-bubble-sort-1","sv-comp-heap-manipulation","SV-Benchmarks","good","doubly-list","none","https://gitlab.com/sosy-lab/benchmarking/sv-benchmarks","c/heap-manipulation/bubble_sort_linux-1.c","unreach-call=true; valid-memsafety=true",UNSUPPORTED,UNSUPPORTED,true,true,"Linux-style list macros, container casts and nested loops are unsupported",,,true,0.000,0.000,,false,,,,,,,,true,""
"E28-sv-bubble-sort-2","sv-comp-heap-manipulation","SV-Benchmarks","buggy","doubly-list","memory-leak","https://gitlab.com/sosy-lab/benchmarking/sv-benchmarks","c/heap-manipulation/bubble_sort_linux-2.c","unreach-call=false; valid-memcleanup=false",UNSUPPORTED,UNSUPPORTED,true,true,"container casts, list macros and memcleanup properties are unsupported",,,true,0.000,0.000,,false,,,,,,,,true,""
"E29-sard-cwe416-int-01-bad","SARD-Juliet-CWE416","NIST SARD Juliet via SV-Benchmarks","buggy","scalar-allocation","use-after-free","https://samate.nist.gov/SARD/test-suites/108","CWE416_Use_After_Free__malloc_free_int_01_bad","valid-memsafety=false",UNSUPPORTED,UNSUPPORTED,true,true,"allocates an int array rather than a self-referential structure",,,true,0.000,0.000,,false,,,,,,,,true,""
"E30-sard-cwe416-int-01-good","SARD-Juliet-CWE416","NIST SARD Juliet via SV-Benchmarks","good","scalar-allocation","use-after-free","https://samate.nist.gov/SARD/test-suites/108","CWE416_Use_After_Free__malloc_free_int_01_good","valid-memsafety=true",UNSUPPORTED,UNSUPPORTED,true,true,"allocates an int array rather than a self-referential structure",,,true,0.000,0.000,,false,,,,,,,,true,""
"E31-sard-cwe416-int-02-bad","SARD-Juliet-CWE416","NIST SARD Juliet via SV-Benchmarks","buggy","scalar-allocation","use-after-free","https://samate.nist.gov/SARD/test-suites/108","CWE416_Use_After_Free__malloc_free_int_02_bad","valid-memsafety=false",UNSUPPORTED,UNSUPPORTED,true,true,"scalar arrays and control-flow guards are outside the structure DSL",,,true,0.000,0.000,,false,,,,,,,,true,""
"E32-sard-cwe416-int-02-good","SARD-Juliet-CWE416","NIST SARD Juliet via SV-Benchmarks","good","scalar-allocation","use-after-free","https://samate.nist.gov/SARD/test-suites/108","CWE416_Use_After_Free__malloc_free_int_02_good","valid-memsafety=true",UNSUPPORTED,UNSUPPORTED,true,true,"scalar arrays and control-flow guards are outside the structure DSL",,,true,0.000,0.000,,false,,,,,,,,true,""
"E33-sard-cwe416-int-03-bad","SARD-Juliet-CWE416","NIST SARD Juliet via SV-Benchmarks","buggy","scalar-allocation","use-after-free","https://samate.nist.gov/SARD/test-suites/108","CWE416_Use_After_Free__malloc_free_int_03_bad","valid-memsafety=false",UNSUPPORTED,UNSUPPORTED,true,true,"scalar arrays and global control-flow guards are unsupported",,,true,0.000,0.000,,false,,,,,,,,true,""
"E34-sard-cwe416-int-03-good","SARD-Juliet-CWE416","NIST SARD Juliet via SV-Benchmarks","good","scalar-allocation","use-after-free","https://samate.nist.gov/SARD/test-suites/108","CWE416_Use_After_Free__malloc_free_int_03_good","valid-memsafety=true",UNSUPPORTED,UNSUPPORTED,true,true,"scalar arrays and global control-flow guards are unsupported",,,true,0.000,0.000,,false,,,,,,,,true,""
"E35-sard-cwe416-int-04-bad","SARD-Juliet-CWE416","NIST SARD Juliet via SV-Benchmarks","buggy","scalar-allocation","use-after-free","https://samate.nist.gov/SARD/test-suites/108","CWE416_Use_After_Free__malloc_free_int_04_bad","valid-memsafety=false",UNSUPPORTED,UNSUPPORTED,true,true,"scalar arrays and static control-flow guards are unsupported",,,true,0.000,0.000,,false,,,,,,,,true,""
"E36-sard-cwe416-int-04-good","SARD-Juliet-CWE416","NIST SARD Juliet via SV-Benchmarks","good","scalar-allocation","use-after-free","https://samate.nist.gov/SARD/test-suites/108","CWE416_Use_After_Free__malloc_free_int_04_good","valid-memsafety=true",UNSUPPORTED,UNSUPPORTED,true,true,"scalar arrays and static control-flow guards are unsupported",,,true,0.000,0.000,,false,,,,,,,,true,""
"E37-sard-cwe416-int-05-bad","SARD-Juliet-CWE416","NIST SARD Juliet via SV-Benchmarks","buggy","scalar-allocation","use-after-free","https://samate.nist.gov/SARD/test-suites/108","CWE416_Use_After_Free__malloc_free_int_05_bad","valid-memsafety=false",UNSUPPORTED,UNSUPPORTED,true,true,"scalar arrays and global boolean control flow are unsupported",,,true,0.000,0.000,,false,,,,,,,,true,""
"E38-sard-cwe416-int-05-good","SARD-Juliet-CWE416","NIST SARD Juliet via SV-Benchmarks","good","scalar-allocation","use-after-free","https://samate.nist.gov/SARD/test-suites/108","CWE416_Use_After_Free__malloc_free_int_05_good","valid-memsafety=true",UNSUPPORTED,UNSUPPORTED,true,true,"scalar arrays and global boolean control flow are unsupported",,,true,0.000,0.000,,false,,,,,,,,true,""
"E39-sard-cwe416-int-06-bad","SARD-Juliet-CWE416","NIST SARD Juliet via SV-Benchmarks","buggy","scalar-allocation","use-after-free","https://samate.nist.gov/SARD/test-suites/108","CWE416_Use_After_Free__malloc_free_int_06_bad","valid-memsafety=false",UNSUPPORTED,UNSUPPORTED,true,true,"scalar arrays and static boolean control flow are unsupported",,,true,0.000,0.000,,false,,,,,,,,true,""
"E40-sard-cwe416-int-06-good","SARD-Juliet-CWE416","NIST SARD Juliet via SV-Benchmarks","good","scalar-allocation","use-after-free","https://samate.nist.gov/SARD/test-suites/108","CWE416_Use_After_Free__malloc_free_int_06_good","valid-memsafety=true",UNSUPPORTED,UNSUPPORTED,true,true,"scalar arrays and static boolean control flow are unsupported",,,true,0.000,0.000,,false,,,,,,,,true,""
